IDEMPIERE-3782,Bug,Closed,Won't Fix,03/09/18,03/09/18
IDEMPIERE-3762,Bug,Closed,Fixed,26/07/18,27/07/18
IDEMPIERE-3759,Bug,Closed,Fixed,24/07/18,24/07/18
IDEMPIERE-3757,Bug,Closed,Fixed,23/07/18,24/07/18
IDEMPIERE-3754,Bug,Closed,Cannot Reproduce,20/07/18,20/07/18
IDEMPIERE-3748,Bug,Closed,Fixed,16/07/18,16/07/18
IDEMPIERE-3744,Bug,Closed,Fixed,13/07/18,23/07/18
IDEMPIERE-3743,Bug,Closed,Fixed,11/07/18,11/07/18
IDEMPIERE-3739,Bug,Closed,Fixed,05/07/18,05/07/18
IDEMPIERE-3738,Bug,Closed,Fixed,04/07/18,04/07/18
IDEMPIERE-3737,Bug,Closed,Fixed,03/07/18,23/07/18
IDEMPIERE-3736,Bug,Closed,Fixed,30/06/18,09/07/18
IDEMPIERE-3735,Bug,Closed,Fixed,26/06/18,09/07/18
IDEMPIERE-3733,Bug,Closed,Fixed,22/06/18,09/07/18
IDEMPIERE-3728,Bug,Closed,Fixed,07/06/18,07/06/18
IDEMPIERE-3727,Bug,Closed,Fixed,06/06/18,07/06/18
IDEMPIERE-3725,Bug,Closed,Fixed,01/06/18,01/06/18
IDEMPIERE-3724,Bug,Closed,Fixed,29/05/18,29/05/18
IDEMPIERE-3722,Bug,Closed,Fixed,29/05/18,29/05/18
IDEMPIERE-3717,Bug,Closed,Fixed,22/05/18,22/05/18
IDEMPIERE-3713,Bug,Closed,Fixed,16/05/18,10/07/18
IDEMPIERE-3706,Bug,Closed,Fixed,03/05/18,04/05/18
IDEMPIERE-3704,Bug,Closed,Fixed,03/05/18,03/05/18
IDEMPIERE-3700,Bug,Closed,Fixed,27/04/18,28/04/18
IDEMPIERE-3699,Bug,Closed,Fixed,27/04/18,27/04/18
IDEMPIERE-3692,Bug,Closed,Fixed,20/04/18,28/04/18
IDEMPIERE-3690,Bug,Closed,Fixed,16/04/18,17/04/18
IDEMPIERE-3685,Bug,Closed,Fixed,12/04/18,12/04/18
IDEMPIERE-3684,Bug,Closed,Fixed,12/04/18,12/04/18
IDEMPIERE-3682,Bug,Closed,Fixed,10/04/18,11/04/18
IDEMPIERE-3681,Bug,Closed,Duplicate,10/04/18,11/04/18
IDEMPIERE-3678,Bug,Closed,Fixed,08/04/18,17/04/18
IDEMPIERE-3673,Bug,Closed,Fixed,02/04/18,02/04/18
IDEMPIERE-3672,Bug,Closed,Fixed,31/03/18,31/03/18
IDEMPIERE-3670,Bug,Closed,Fixed,27/03/18,06/04/18
IDEMPIERE-3667,Bug,Closed,Fixed,23/03/18,25/03/18
IDEMPIERE-3664,Bug,Closed,Fixed,21/03/18,22/03/18
IDEMPIERE-3662,Bug,Closed,Fixed,20/03/18,20/03/18
IDEMPIERE-3659,Bug,Closed,Fixed,15/03/18,15/03/18
IDEMPIERE-3658,Bug,Closed,Duplicate,15/03/18,15/03/18
IDEMPIERE-3654,Bug,Closed,Fixed,13/03/18,13/03/18
IDEMPIERE-3651,Bug,Closed,Fixed,08/03/18,04/06/18
IDEMPIERE-3649,Bug,Closed,Fixed,05/03/18,05/03/18
IDEMPIERE-3648,Bug,Closed,Fixed,05/03/18,05/03/18
IDEMPIERE-3645,Bug,Closed,Fixed,28/02/18,05/03/18
IDEMPIERE-3644,Bug,Closed,Fixed,28/02/18,05/03/18
IDEMPIERE-3643,Bug,Closed,Fixed,26/02/18,05/03/18
IDEMPIERE-3642,Bug,Closed,Fixed,26/02/18,05/03/18
IDEMPIERE-3641,Bug,Closed,Fixed,26/02/18,26/02/18
IDEMPIERE-3637,Bug,Closed,Fixed,09/02/18,09/02/18
IDEMPIERE-3632,Bug,Closed,Fixed,29/01/18,24/02/18
IDEMPIERE-3631,Bug,Closed,Fixed,27/01/18,14/07/18
IDEMPIERE-3630,Bug,Closed,Fixed,26/01/18,26/01/18
IDEMPIERE-3628,Bug,Closed,Fixed,22/01/18,22/01/18
IDEMPIERE-3624,Bug,Closed,Fixed,19/01/18,19/01/18
IDEMPIERE-3622,Bug,Closed,Fixed,19/01/18,19/01/18
IDEMPIERE-3617,Bug,Closed,Fixed,16/01/18,24/01/18
IDEMPIERE-3616,Bug,Closed,Duplicate,15/01/18,15/01/18
IDEMPIERE-3615,Bug,Closed,Fixed,15/01/18,15/01/18
IDEMPIERE-3610,Bug,Closed,Fixed,10/01/18,10/01/18
IDEMPIERE-3608,Bug,Closed,Fixed,08/01/18,11/01/18
IDEMPIERE-3604,Bug,Closed,Fixed,07/01/18,08/01/18
IDEMPIERE-3603,Bug,Closed,Fixed,07/01/18,08/01/18
IDEMPIERE-3600,Bug,Closed,Fixed,06/01/18,10/01/18
IDEMPIERE-3598,Bug,Closed,Fixed,05/01/18,17/04/18
IDEMPIERE-3597,Bug,Closed,Fixed,04/01/18,05/01/18
IDEMPIERE-3594,Bug,Closed,Fixed,31/12/17,31/12/17
IDEMPIERE-3593,Bug,Closed,Fixed,29/12/17,24/05/18
IDEMPIERE-3587,Bug,Closed,Fixed,22/12/17,27/12/17
IDEMPIERE-3585,Bug,Closed,Fixed,21/12/17,19/01/18
IDEMPIERE-3581,Bug,Closed,Fixed,17/12/17,11/01/18
IDEMPIERE-3579,Bug,Closed,Won't Fix,14/12/17,14/12/17
IDEMPIERE-3573,Bug,Closed,Fixed,30/11/17,14/12/17
IDEMPIERE-3572,Bug,Closed,Fixed,29/11/17,11/01/18
IDEMPIERE-3571,Bug,Closed,Incomplete,28/11/17,28/11/17
IDEMPIERE-3568,Bug,Closed,Fixed,23/11/17,24/11/17
IDEMPIERE-3560,Bug,Closed,Fixed,14/11/17,29/05/18
IDEMPIERE-3559,Bug,Closed,Fixed,13/11/17,15/11/17
IDEMPIERE-3558,Bug,Closed,Duplicate,13/11/17,13/11/17
IDEMPIERE-3557,Bug,Closed,Fixed,12/11/17,12/11/17
IDEMPIERE-3554,Bug,Closed,Cannot Reproduce,10/11/17,15/11/17
IDEMPIERE-3550,Bug,Closed,Fixed,07/11/17,08/11/17
IDEMPIERE-3547,Bug,Closed,Fixed,06/11/17,06/11/17
IDEMPIERE-3544,Bug,Closed,Fixed,06/11/17,11/11/17
IDEMPIERE-3543,Bug,Closed,Fixed,05/11/17,05/11/17
IDEMPIERE-3541,Bug,Closed,Fixed,03/11/17,05/11/17
IDEMPIERE-3540,Bug,Closed,Fixed,03/11/17,05/11/17
IDEMPIERE-3539,Bug,Closed,Fixed,03/11/17,06/11/17
IDEMPIERE-3538,Bug,Closed,Fixed,02/11/17,15/11/17
IDEMPIERE-3536,Bug,Closed,Fixed,02/11/17,15/11/17
IDEMPIERE-3534,Bug,Closed,Fixed,31/10/17,31/10/17
IDEMPIERE-3526,Bug,Closed,Fixed,19/10/17,01/11/17
IDEMPIERE-3522,Bug,Closed,Fixed,17/10/17,14/12/17
IDEMPIERE-3521,Bug,Closed,Fixed,17/10/17,17/10/17
IDEMPIERE-3519,Bug,Closed,Fixed,13/10/17,13/10/17
IDEMPIERE-3517,Bug,Closed,Fixed,11/10/17,13/10/17
IDEMPIERE-3514,Bug,Closed,Fixed,07/10/17,25/10/17
IDEMPIERE-3513,Bug,Closed,Fixed,07/10/17,11/10/17
IDEMPIERE-3512,Bug,Closed,Fixed,05/10/17,17/04/18
IDEMPIERE-3507,Bug,Closed,Cannot Reproduce,27/09/17,28/09/17
IDEMPIERE-3504,Bug,Closed,Won't Fix,24/09/17,25/09/17
IDEMPIERE-3503,Bug,Closed,Fixed,24/09/17,25/09/17
IDEMPIERE-3499,Bug,Closed,Fixed,22/09/17,25/09/17
IDEMPIERE-3495,Bug,Closed,Fixed,18/09/17,20/09/17
IDEMPIERE-3485,Bug,Closed,Fixed,13/09/17,13/09/17
IDEMPIERE-3483,Bug,Closed,Fixed,13/09/17,13/09/17
IDEMPIERE-3481,Bug,Closed,Fixed,12/09/17,08/11/17
IDEMPIERE-3472,Bug,Closed,Fixed,06/09/17,08/09/17
IDEMPIERE-3468,Bug,Closed,Fixed,02/09/17,11/09/17
IDEMPIERE-3462,Bug,Closed,Fixed,29/08/17,30/08/17
IDEMPIERE-3459,Bug,Closed,Fixed,28/08/17,28/08/17
IDEMPIERE-3458,Bug,Closed,Incomplete,24/08/17,25/08/17
IDEMPIERE-3457,Bug,Closed,Cannot Reproduce,24/08/17,25/08/17
IDEMPIERE-3455,Bug,Closed,Fixed,13/08/17,25/08/17
IDEMPIERE-3453,Bug,Closed,Fixed,11/08/17,25/08/17
IDEMPIERE-3451,Bug,Closed,Fixed,10/08/17,06/12/17
IDEMPIERE-3450,Bug,Closed,Fixed,09/08/17,10/08/17
IDEMPIERE-3449,Bug,Closed,Fixed,09/08/17,30/08/17
IDEMPIERE-3448,Bug,Closed,Fixed,08/08/17,10/08/17
IDEMPIERE-3444,Bug,Closed,Fixed,03/08/17,26/08/17
IDEMPIERE-3443,Bug,Closed,Fixed,03/08/17,03/08/17
IDEMPIERE-3442,Bug,Closed,Fixed,02/08/17,25/08/17
IDEMPIERE-3441,Bug,Closed,Fixed,01/08/17,06/12/17
IDEMPIERE-3437,Bug,Closed,Fixed,25/07/17,08/11/17
IDEMPIERE-3429,Bug,Closed,Fixed,19/07/17,21/07/17
IDEMPIERE-3424,Bug,Closed,Fixed,07/07/17,17/08/17
IDEMPIERE-3423,Bug,Closed,Fixed,05/07/17,31/08/17
IDEMPIERE-3421,Bug,Closed,Fixed,03/07/17,04/07/17
IDEMPIERE-3419,Bug,Closed,Fixed,02/07/17,04/07/17
IDEMPIERE-3418,Bug,Closed,Incomplete,02/07/17,04/07/17
IDEMPIERE-3415,Bug,Closed,Fixed,29/06/17,14/12/17
IDEMPIERE-3414,Bug,Closed,Fixed,29/06/17,29/06/17
IDEMPIERE-3412,Bug,Closed,Cannot Reproduce,28/06/17,30/06/17
IDEMPIERE-3411,Bug,Closed,Fixed,28/06/17,24/10/17
IDEMPIERE-3410,Bug,Closed,Won't Fix,28/06/17,19/01/18
IDEMPIERE-3408,Bug,Closed,Fixed,24/06/17,24/06/17
IDEMPIERE-3406,Bug,Closed,Fixed,23/06/17,22/11/17
IDEMPIERE-3401,Bug,Closed,Fixed,16/06/17,24/06/17
IDEMPIERE-3400,Bug,Closed,Fixed,15/06/17,15/06/17
IDEMPIERE-3398,Bug,Closed,Fixed,14/06/17,23/11/17
IDEMPIERE-3397,Bug,Closed,Fixed,14/06/17,20/06/17
IDEMPIERE-3395,Bug,Closed,Incomplete,13/06/17,03/12/17
IDEMPIERE-3393,Bug,Closed,Fixed,13/06/17,13/06/17
IDEMPIERE-3392,Bug,Closed,Fixed,11/06/17,23/11/17
IDEMPIERE-3390,Bug,Closed,Fixed,08/06/17,13/10/17
IDEMPIERE-3389,Bug,Closed,Duplicate,08/06/17,15/06/17
IDEMPIERE-3383,Bug,Closed,Fixed,30/05/17,30/05/17
IDEMPIERE-3382,Bug,Closed,Fixed,30/05/17,30/05/17
IDEMPIERE-3381,Bug,Closed,Fixed,30/05/17,30/05/17
IDEMPIERE-3380,Bug,Closed,Fixed,30/05/17,30/05/17
IDEMPIERE-3379,Bug,Closed,Fixed,30/05/17,30/05/17
IDEMPIERE-3372,Bug,Closed,Won't Fix,23/05/17,23/05/17
IDEMPIERE-3371,Bug,Closed,Fixed,22/05/17,23/05/17
IDEMPIERE-3370,Bug,Closed,Fixed,21/05/17,23/11/17
IDEMPIERE-3369,Bug,Closed,Won't Fix,21/05/17,21/05/17
IDEMPIERE-3367,Bug,Closed,Fixed,19/05/17,19/05/17
IDEMPIERE-3366,Bug,Closed,Fixed,19/05/17,19/05/17
IDEMPIERE-3364,Bug,Closed,Fixed,18/05/17,19/05/17
IDEMPIERE-3362,Bug,Closed,Fixed,16/05/17,29/05/17
IDEMPIERE-3361,Bug,Closed,Fixed,05/05/17,13/09/17
IDEMPIERE-3350,Bug,Closed,Fixed,24/04/17,23/06/17
IDEMPIERE-3349,Bug,Closed,Fixed,20/04/17,22/04/17
IDEMPIERE-3348,Bug,Closed,Fixed,19/04/17,20/04/17
IDEMPIERE-3342,Bug,Closed,Fixed,15/04/17,18/04/17
IDEMPIERE-3337,Bug,Closed,Incomplete,11/04/17,12/04/17
IDEMPIERE-3332,Bug,Closed,Fixed,03/04/17,03/04/17
IDEMPIERE-3330,Bug,Closed,Fixed,31/03/17,31/03/17
IDEMPIERE-3329,Bug,Closed,Fixed,31/03/17,12/04/17
IDEMPIERE-3326,Bug,Closed,Fixed,31/03/17,31/03/17
IDEMPIERE-3325,Bug,Closed,Fixed,30/03/17,03/04/17
IDEMPIERE-3322,Bug,Closed,Won't Fix,29/03/17,29/03/17
IDEMPIERE-3317,Bug,Closed,Fixed,22/03/17,25/03/17
IDEMPIERE-3316,Bug,Closed,Fixed,22/03/17,26/03/17
IDEMPIERE-3311,Bug,Closed,Fixed,04/03/17,08/03/17
IDEMPIERE-3310,Bug,Closed,Duplicate,02/03/17,02/03/17
IDEMPIERE-3309,Bug,Closed,Fixed,01/03/17,26/03/17
IDEMPIERE-3306,Bug,Closed,Fixed,27/02/17,27/02/17
IDEMPIERE-3305,Bug,Closed,Fixed,23/02/17,16/03/17
IDEMPIERE-3300,Bug,Closed,Incomplete,16/02/17,17/02/17
IDEMPIERE-3287,Bug,Closed,Fixed,25/01/17,31/01/17
IDEMPIERE-3285,Bug,Closed,Fixed,16/01/17,16/01/17
IDEMPIERE-3283,Bug,Closed,Fixed,16/01/17,17/01/17
IDEMPIERE-3282,Bug,Closed,Fixed,14/01/17,17/01/17
IDEMPIERE-3281,Bug,Closed,Fixed,13/01/17,21/02/17
IDEMPIERE-3280,Bug,Closed,Fixed,13/01/17,17/01/17
IDEMPIERE-3277,Bug,Closed,Fixed,01/01/17,04/01/17
IDEMPIERE-3275,Bug,Closed,Won't Fix,28/12/16,23/02/17
IDEMPIERE-3273,Bug,Closed,Fixed,22/12/16,22/12/16
IDEMPIERE-3262,Bug,Closed,Won't Fix,13/12/16,13/12/16
IDEMPIERE-3260,Bug,Closed,Fixed,13/12/16,13/12/16
IDEMPIERE-3252,Bug,Closed,Fixed,06/12/16,06/12/16
IDEMPIERE-3249,Bug,Closed,Won't Fix,28/11/16,28/11/16
IDEMPIERE-3248,Bug,Closed,Fixed,25/11/16,25/11/16
IDEMPIERE-3247,Bug,Closed,Duplicate,25/11/16,28/11/16
IDEMPIERE-3245,Bug,Closed,Fixed,24/11/16,25/11/16
IDEMPIERE-3244,Bug,Closed,Fixed,18/11/16,18/11/16
IDEMPIERE-3241,Bug,Closed,Fixed,07/11/16,07/11/16
IDEMPIERE-3240,Bug,Closed,Fixed,07/11/16,07/11/16
IDEMPIERE-3239,Bug,Closed,Fixed,07/11/16,12/11/16
IDEMPIERE-3238,Bug,Closed,Fixed,07/11/16,12/11/16
IDEMPIERE-3237,Bug,Closed,Incomplete,02/11/16,02/11/16
IDEMPIERE-3236,Bug,Closed,Duplicate,02/11/16,14/11/16
IDEMPIERE-3235,Bug,Closed,Fixed,31/10/16,14/11/16
IDEMPIERE-3231,Bug,Closed,Fixed,26/10/16,26/10/16
IDEMPIERE-3229,Bug,Closed,Fixed,25/10/16,26/10/16
IDEMPIERE-3225,Bug,Closed,Fixed,23/10/16,26/10/16
IDEMPIERE-3224,Bug,Closed,Fixed,21/10/16,21/10/16
IDEMPIERE-3223,Bug,Closed,Fixed,21/10/16,26/10/16
IDEMPIERE-3220,Bug,Closed,Fixed,14/10/16,09/01/17
IDEMPIERE-3213,Bug,Closed,Fixed,09/10/16,14/10/16
IDEMPIERE-3207,Bug,Closed,Fixed,03/10/16,07/10/16
IDEMPIERE-3202,Bug,Closed,Fixed,29/09/16,29/09/16
IDEMPIERE-3200,Bug,Closed,Fixed,28/09/16,28/09/16
IDEMPIERE-3199,Bug,Closed,Fixed,27/09/16,27/09/16
IDEMPIERE-3198,Bug,Closed,Fixed,27/09/16,28/09/16
IDEMPIERE-3196,Bug,Closed,Fixed,24/09/16,07/02/18
IDEMPIERE-3193,Bug,Closed,Won't Fix,16/09/16,18/09/16
IDEMPIERE-3188,Bug,Closed,Fixed,07/09/16,07/09/16
IDEMPIERE-3187,Bug,Closed,Fixed,06/09/16,20/09/16
IDEMPIERE-3186,Bug,Closed,Incomplete,06/09/16,22/09/16
IDEMPIERE-3185,Bug,Closed,Fixed,06/09/16,06/09/16
IDEMPIERE-3182,Bug,Closed,Fixed,04/09/16,22/09/16
IDEMPIERE-3178,Bug,Closed,Fixed,03/09/16,03/09/16
IDEMPIERE-3177,Bug,Closed,Fixed,03/09/16,03/09/16
IDEMPIERE-3176,Bug,Closed,Fixed,03/09/16,03/09/16
IDEMPIERE-3175,Bug,Closed,Fixed,03/09/16,03/09/16
IDEMPIERE-3174,Bug,Closed,Fixed,03/09/16,03/09/16
IDEMPIERE-3173,Bug,Closed,Fixed,03/09/16,23/10/17
IDEMPIERE-3171,Bug,Closed,Fixed,01/09/16,03/09/16
IDEMPIERE-3170,Bug,Closed,Fixed,01/09/16,12/09/16
IDEMPIERE-3165,Bug,Closed,Fixed,23/08/16,24/08/16
IDEMPIERE-3163,Bug,Closed,Fixed,23/08/16,24/08/16
IDEMPIERE-3159,Bug,Closed,Fixed,15/08/16,24/08/16
IDEMPIERE-3158,Bug,Closed,Fixed,15/08/16,24/08/16
IDEMPIERE-3156,Bug,Closed,Fixed,10/08/16,10/08/16
IDEMPIERE-3155,Bug,Closed,Fixed,09/08/16,12/09/16
IDEMPIERE-3154,Bug,Closed,Duplicate,09/08/16,08/04/17
IDEMPIERE-3150,Bug,Closed,Fixed,05/08/16,23/11/16
IDEMPIERE-3149,Bug,Closed,Won't Fix,03/08/16,23/11/16
IDEMPIERE-3148,Bug,Closed,Cannot Reproduce,03/08/16,01/09/16
IDEMPIERE-3146,Bug,Closed,Fixed,02/08/16,03/08/16
IDEMPIERE-3145,Bug,Closed,Fixed,01/08/16,03/08/16
IDEMPIERE-3143,Bug,Closed,Incomplete,26/07/16,11/07/18
IDEMPIERE-3142,Bug,Closed,Cannot Reproduce,21/07/16,23/11/16
IDEMPIERE-3141,Bug,Closed,Fixed,20/07/16,03/08/16
IDEMPIERE-3140,Bug,Closed,Cannot Reproduce,20/07/16,06/08/16
IDEMPIERE-3138,Bug,Closed,Fixed,12/07/16,13/07/16
IDEMPIERE-3135,Bug,Closed,Fixed,06/07/16,15/05/18
IDEMPIERE-3125,Bug,Closed,Won't Fix,08/06/16,11/07/18
IDEMPIERE-3120,Bug,Closed,Fixed,02/06/16,10/08/16
IDEMPIERE-3119,Bug,Closed,Cannot Reproduce,01/06/16,06/08/16
IDEMPIERE-3113,Bug,Closed,Fixed,24/05/16,07/06/18
IDEMPIERE-3112,Bug,Closed,Fixed,21/05/16,30/05/16
IDEMPIERE-3107,Bug,Closed,Fixed,18/05/16,26/06/17
IDEMPIERE-3106,Bug,Closed,Fixed,17/05/16,30/05/16
IDEMPIERE-3105,Bug,Closed,Cannot Reproduce,17/05/16,30/05/16
IDEMPIERE-3099,Bug,Closed,Fixed,13/05/16,22/01/18
IDEMPIERE-3098,Bug,Closed,Fixed,12/05/16,07/01/18
IDEMPIERE-3095,Bug,Closed,Duplicate,11/05/16,11/05/16
IDEMPIERE-3094,Bug,Closed,Fixed,10/05/16,19/03/18
IDEMPIERE-3091,Bug,Closed,Fixed,05/05/16,05/05/16
IDEMPIERE-3088,Bug,Closed,Fixed,02/05/16,30/05/16
IDEMPIERE-3087,Bug,Closed,Fixed,28/04/16,28/04/16
IDEMPIERE-3083,Bug,Closed,Fixed,23/04/16,29/04/16
IDEMPIERE-3082,Bug,Closed,Fixed,21/04/16,17/05/16
IDEMPIERE-3081,Bug,Closed,Cannot Reproduce,20/04/16,16/05/18
IDEMPIERE-3080,Bug,Closed,Fixed,19/04/16,19/04/16
IDEMPIERE-3078,Bug,Closed,Fixed,18/04/16,30/05/16
IDEMPIERE-3077,Bug,Closed,Fixed,18/04/16,18/04/16
IDEMPIERE-3072,Bug,Closed,Fixed,15/04/16,08/05/16
IDEMPIERE-3071,Bug,Closed,Fixed,15/04/16,17/04/16
IDEMPIERE-3069,Bug,Closed,Fixed,11/04/16,06/05/16
IDEMPIERE-3068,Bug,Closed,Fixed,08/04/16,06/05/16
IDEMPIERE-3065,Bug,Closed,Fixed,01/04/16,08/05/16
IDEMPIERE-3064,Bug,Closed,Fixed,31/03/16,06/08/16
IDEMPIERE-3061,Bug,Closed,Won't Fix,27/03/16,13/09/17
IDEMPIERE-3055,Bug,Closed,Duplicate,20/03/16,19/08/16
IDEMPIERE-3054,Bug,Closed,Fixed,16/03/16,16/03/16
IDEMPIERE-3052,Bug,Closed,Fixed,10/03/16,10/03/16
IDEMPIERE-3049,Bug,Closed,Fixed,03/03/16,30/08/17
IDEMPIERE-3047,Bug,Closed,Fixed,02/03/16,06/05/16
IDEMPIERE-3046,Bug,Closed,Fixed,02/03/16,06/05/16
IDEMPIERE-3041,Bug,Closed,Fixed,25/02/16,26/02/16
IDEMPIERE-3037,Bug,Closed,Fixed,24/02/16,24/06/17
IDEMPIERE-3035,Bug,Closed,Fixed,19/02/16,19/02/16
IDEMPIERE-3027,Bug,Closed,Fixed,04/02/16,17/02/16
IDEMPIERE-3024,Bug,Closed,Fixed,03/02/16,17/02/16
IDEMPIERE-3017,Bug,Closed,Fixed,28/01/16,28/01/16
IDEMPIERE-3016,Bug,Closed,Cannot Reproduce,28/01/16,17/02/16
IDEMPIERE-3015,Bug,Closed,Fixed,27/01/16,27/01/16
IDEMPIERE-3014,Bug,Closed,Fixed,27/01/16,06/03/17
IDEMPIERE-3013,Bug,Closed,Fixed,26/01/16,27/01/16
IDEMPIERE-3012,Bug,Closed,Fixed,26/01/16,21/02/17
IDEMPIERE-3011,Bug,Closed,Cannot Reproduce,26/01/16,27/01/16
IDEMPIERE-3006,Bug,Closed,Fixed,19/01/16,19/01/16
IDEMPIERE-3004,Bug,Closed,Fixed,18/01/16,03/02/16
IDEMPIERE-3001,Bug,Closed,Fixed,12/01/16,09/09/16
IDEMPIERE-2986,Bug,Closed,Won't Fix,25/12/15,11/07/18
IDEMPIERE-2984,Bug,Closed,Won't Fix,23/12/15,11/07/18
IDEMPIERE-2979,Bug,Closed,Fixed,16/12/15,16/12/15
IDEMPIERE-2977,Bug,Closed,Fixed,15/12/15,04/10/16
IDEMPIERE-2972,Bug,Closed,Fixed,12/12/15,12/12/15
IDEMPIERE-2967,Bug,Closed,Fixed,09/12/15,13/12/15
IDEMPIERE-2956,Bug,Closed,Cannot Reproduce,03/12/15,06/12/17
IDEMPIERE-2954,Bug,Closed,Fixed,01/12/15,03/02/16
IDEMPIERE-2950,Bug,Closed,Fixed,24/11/15,25/11/15
IDEMPIERE-2935,Bug,Closed,Fixed,10/11/15,14/12/15
IDEMPIERE-2934,Bug,Closed,Fixed,10/11/15,12/08/16
IDEMPIERE-2930,Bug,Closed,Duplicate,07/11/15,07/11/15
IDEMPIERE-2929,Bug,Closed,Fixed,07/11/15,11/11/15
IDEMPIERE-2927,Bug,Closed,Fixed,06/11/15,11/11/15
IDEMPIERE-2923,Bug,Closed,Fixed,05/11/15,11/11/15
IDEMPIERE-2920,Bug,Closed,Incomplete,30/10/15,30/10/15
IDEMPIERE-2919,Bug,Closed,Fixed,29/10/15,30/10/15
IDEMPIERE-2918,Bug,Closed,Won't Fix,28/10/15,28/10/15
IDEMPIERE-2916,Bug,Closed,Incomplete,28/10/15,11/07/18
IDEMPIERE-2910,Bug,Closed,Fixed,26/10/15,10/11/15
IDEMPIERE-2889,Bug,Closed,Fixed,14/10/15,14/10/15
IDEMPIERE-2886,Bug,Closed,Fixed,12/10/15,12/10/15
IDEMPIERE-2881,Bug,Closed,Incomplete,10/10/15,21/10/15
IDEMPIERE-2880,Bug,Closed,Fixed,09/10/15,11/10/15
IDEMPIERE-2874,Bug,Closed,Fixed,02/10/15,02/10/15
IDEMPIERE-2865,Bug,Closed,Fixed,21/09/15,03/10/15
IDEMPIERE-2864,Bug,Closed,Fixed,21/09/15,03/10/15
IDEMPIERE-2863,Bug,Closed,Fixed,20/09/15,20/09/15
IDEMPIERE-2856,Bug,Closed,Fixed,16/09/15,16/09/15
IDEMPIERE-2831,Bug,Closed,Cannot Reproduce,15/09/15,16/09/15
IDEMPIERE-2808,Bug,Closed,Cannot Reproduce,10/09/15,08/05/16
IDEMPIERE-2806,Bug,Closed,Fixed,09/09/15,16/09/15
IDEMPIERE-2805,Bug,Closed,Duplicate,04/09/15,16/05/18
IDEMPIERE-2804,Bug,Closed,Fixed,04/09/15,20/09/15
IDEMPIERE-2802,Bug,Closed,Duplicate,01/09/15,07/10/15
IDEMPIERE-2798,Bug,Closed,Won't Fix,26/08/15,02/11/15
IDEMPIERE-2797,Bug,Closed,Fixed,26/08/15,26/08/15
IDEMPIERE-2790,Bug,Closed,Fixed,26/08/15,26/08/15
IDEMPIERE-2789,Bug,Closed,Fixed,25/08/15,26/08/15
IDEMPIERE-2788,Bug,Closed,Fixed,25/08/15,26/08/15
IDEMPIERE-2787,Bug,Closed,Fixed,24/08/15,24/08/15
IDEMPIERE-2786,Bug,Closed,Fixed,24/08/15,24/08/15
IDEMPIERE-2784,Bug,Closed,Won't Fix,23/08/15,07/10/15
IDEMPIERE-2783,Bug,Closed,Fixed,23/08/15,26/08/15
IDEMPIERE-2781,Bug,Closed,Fixed,21/08/15,21/08/15
IDEMPIERE-2779,Bug,Closed,Fixed,21/08/15,21/08/15
IDEMPIERE-2777,Bug,Closed,Incomplete,19/08/15,17/09/15
IDEMPIERE-2776,Bug,Closed,Fixed,19/08/15,19/08/15
IDEMPIERE-2774,Bug,Closed,Fixed,18/08/15,18/08/15
IDEMPIERE-2773,Bug,Closed,Fixed,17/08/15,17/08/15
IDEMPIERE-2770,Bug,Closed,Fixed,13/08/15,26/08/15
IDEMPIERE-2768,Bug,Closed,Fixed,12/08/15,12/08/15
IDEMPIERE-2766,Bug,Closed,Fixed,12/08/15,19/08/15
IDEMPIERE-2765,Bug,Closed,Fixed,12/08/15,13/08/15
IDEMPIERE-2764,Bug,Closed,Fixed,11/08/15,12/08/15
IDEMPIERE-2762,Bug,Closed,Fixed,07/08/15,12/08/15
IDEMPIERE-2761,Bug,Closed,Fixed,07/08/15,13/10/17
IDEMPIERE-2760,Bug,Closed,Fixed,07/08/15,04/10/15
IDEMPIERE-2757,Bug,Closed,Fixed,06/08/15,06/08/15
IDEMPIERE-2756,Bug,Closed,Fixed,05/08/15,07/08/15
IDEMPIERE-2753,Bug,Closed,Fixed,04/08/15,20/09/15
IDEMPIERE-2752,Bug,Closed,Fixed,04/08/15,05/08/15
IDEMPIERE-2749,Bug,Closed,Fixed,31/07/15,04/08/15
IDEMPIERE-2748,Bug,Closed,Cannot Reproduce,31/07/15,04/08/15
IDEMPIERE-2747,Bug,Closed,Fixed,31/07/15,05/08/15
IDEMPIERE-2746,Bug,Closed,Fixed,31/07/15,05/08/15
IDEMPIERE-2745,Bug,Closed,Fixed,29/07/15,17/02/16
IDEMPIERE-2743,Bug,Closed,Fixed,29/07/15,14/12/17
IDEMPIERE-2742,Bug,Closed,Fixed,28/07/15,19/08/15
IDEMPIERE-2740,Bug,Closed,Fixed,27/07/15,27/07/15
IDEMPIERE-2739,Bug,Closed,Fixed,23/07/15,23/07/15
IDEMPIERE-2730,Bug,Closed,Fixed,16/07/15,16/09/15
IDEMPIERE-2726,Bug,Closed,Duplicate,14/07/15,06/07/16
IDEMPIERE-2723,Bug,Closed,Cannot Reproduce,10/07/15,28/07/15
IDEMPIERE-2720,Bug,Closed,Fixed,09/07/15,15/07/15
IDEMPIERE-2719,Bug,Closed,Duplicate,08/07/15,11/01/18
IDEMPIERE-2718,Bug,Closed,Won't Fix,08/07/15,08/07/15
IDEMPIERE-2715,Bug,Closed,Incomplete,07/07/15,24/07/15
IDEMPIERE-2710,Bug,Closed,Duplicate,03/07/15,03/07/15
IDEMPIERE-2707,Bug,Closed,Won't Fix,02/07/15,06/07/15
IDEMPIERE-2700,Bug,Closed,Fixed,26/06/15,26/06/15
IDEMPIERE-2697,Bug,Closed,Cannot Reproduce,25/06/15,01/07/15
IDEMPIERE-2696,Bug,Closed,Won't Fix,24/06/15,24/06/15
IDEMPIERE-2691,Bug,Closed,Fixed,21/06/15,22/06/15
IDEMPIERE-2690,Bug,Closed,Fixed,19/06/15,01/07/15
IDEMPIERE-2687,Bug,Closed,Fixed,18/06/15,22/06/15
IDEMPIERE-2676,Bug,Closed,Fixed,12/06/15,03/09/16
IDEMPIERE-2674,Bug,Closed,Fixed,11/06/15,01/07/15
IDEMPIERE-2673,Bug,Closed,Fixed,11/06/15,17/06/15
IDEMPIERE-2672,Bug,Closed,Fixed,11/06/15,11/10/15
IDEMPIERE-2665,Bug,Closed,Fixed,08/06/15,03/10/15
IDEMPIERE-2663,Bug,Closed,Fixed,06/06/15,10/06/15
IDEMPIERE-2662,Bug,Closed,Fixed,04/06/15,23/06/15
IDEMPIERE-2659,Bug,Closed,Fixed,03/06/15,13/09/17
IDEMPIERE-2658,Bug,Closed,Fixed,03/06/15,04/08/15
IDEMPIERE-2657,Bug,Closed,Fixed,01/06/15,01/07/15
IDEMPIERE-2656,Bug,Closed,Fixed,31/05/15,10/06/15
IDEMPIERE-2655,Bug,Closed,Fixed,31/05/15,29/07/15
IDEMPIERE-2651,Bug,Closed,Duplicate,29/05/15,25/06/15
IDEMPIERE-2649,Bug,Closed,Fixed,28/05/15,01/07/15
IDEMPIERE-2647,Bug,Closed,Fixed,27/05/15,27/05/15
IDEMPIERE-2646,Bug,Closed,Won't Fix,27/05/15,13/05/16
IDEMPIERE-2641,Bug,Closed,Duplicate,23/05/15,23/05/15
IDEMPIERE-2639,Bug,Closed,Incomplete,23/05/15,25/05/15
IDEMPIERE-2636,Bug,Closed,Fixed,22/05/15,22/05/15
IDEMPIERE-2634,Bug,Closed,Incomplete,21/05/15,25/05/15
IDEMPIERE-2632,Bug,Closed,Fixed,19/05/15,20/05/15
IDEMPIERE-2629,Bug,Closed,Fixed,19/05/15,24/06/15
IDEMPIERE-2628,Bug,Closed,Cannot Reproduce,18/05/15,25/05/15
IDEMPIERE-2627,Bug,Closed,Fixed,18/05/15,01/07/15
IDEMPIERE-2626,Bug,Closed,Fixed,18/05/15,03/06/15
IDEMPIERE-2625,Bug,Closed,Fixed,17/05/15,20/05/15
IDEMPIERE-2622,Bug,Closed,Fixed,14/05/15,14/05/15
IDEMPIERE-2616,Bug,Closed,Fixed,13/05/15,14/05/15
IDEMPIERE-2615,Bug,Closed,Fixed,12/05/15,13/05/15
IDEMPIERE-2614,Bug,Closed,Fixed,11/05/15,20/05/15
IDEMPIERE-2613,Bug,Closed,Fixed,11/05/15,03/06/15
IDEMPIERE-2612,Bug,Closed,Won't Fix,09/05/15,12/10/15
IDEMPIERE-2611,Bug,Closed,Fixed,08/05/15,08/05/15
IDEMPIERE-2609,Bug,Closed,Fixed,06/05/15,06/05/15
IDEMPIERE-2606,Bug,Closed,Cannot Reproduce,30/04/15,06/05/15
IDEMPIERE-2603,Bug,Closed,Cannot Reproduce,29/04/15,13/09/17
IDEMPIERE-2601,Bug,Closed,Won't Fix,29/04/15,11/07/18
IDEMPIERE-2599,Bug,Closed,Fixed,27/04/15,28/09/15
IDEMPIERE-2598,Bug,Closed,Fixed,25/04/15,25/04/15
IDEMPIERE-2597,Bug,Closed,Fixed,25/04/15,25/04/15
IDEMPIERE-2596,Bug,Closed,Fixed,25/04/15,25/04/15
IDEMPIERE-2593,Bug,Closed,Cannot Reproduce,23/04/15,28/04/15
IDEMPIERE-2591,Bug,Closed,Fixed,22/04/15,22/04/15
IDEMPIERE-2590,Bug,Closed,Won't Fix,21/04/15,21/04/15
IDEMPIERE-2589,Bug,Closed,Fixed,20/04/15,21/04/15
IDEMPIERE-2588,Bug,Closed,Fixed,19/04/15,20/04/15
IDEMPIERE-2587,Bug,Closed,Fixed,19/04/15,21/04/15
IDEMPIERE-2586,Bug,Closed,Duplicate,18/04/15,11/07/18
IDEMPIERE-2585,Bug,Closed,Fixed,18/04/15,22/04/15
IDEMPIERE-2584,Bug,Closed,Fixed,18/04/15,21/04/15
IDEMPIERE-2583,Bug,Closed,Fixed,17/04/15,20/05/15
IDEMPIERE-2578,Bug,Closed,Fixed,13/04/15,15/04/15
IDEMPIERE-2577,Bug,Closed,Incomplete,12/04/15,11/07/18
IDEMPIERE-2576,Bug,Closed,Won't Fix,11/04/15,09/05/15
IDEMPIERE-2575,Bug,Closed,Fixed,10/04/15,12/04/15
IDEMPIERE-2574,Bug,Closed,Cannot Reproduce,10/04/15,21/04/15
IDEMPIERE-2573,Bug,Closed,Won't Fix,10/04/15,22/04/15
IDEMPIERE-2570,Bug,Closed,Fixed,08/04/15,08/04/15
IDEMPIERE-2569,Bug,Closed,Fixed,08/04/15,15/04/15
IDEMPIERE-2568,Bug,Closed,Fixed,08/04/15,26/08/15
IDEMPIERE-2566,Bug,Closed,Fixed,07/04/15,07/04/15
IDEMPIERE-2565,Bug,Closed,Fixed,07/04/15,08/04/15
IDEMPIERE-2563,Bug,Closed,Fixed,06/04/15,08/04/15
IDEMPIERE-2562,Bug,Closed,Fixed,06/04/15,13/04/15
IDEMPIERE-2561,Bug,Closed,Cannot Reproduce,06/04/15,08/04/15
IDEMPIERE-2557,Bug,Closed,Fixed,03/04/15,26/08/15
IDEMPIERE-2555,Bug,Closed,Fixed,01/04/15,16/04/15
IDEMPIERE-2552,Bug,Closed,Fixed,01/04/15,08/04/15
IDEMPIERE-2551,Bug,Closed,Fixed,01/04/15,13/04/15
IDEMPIERE-2550,Bug,Closed,Fixed,31/03/15,27/05/15
IDEMPIERE-2549,Bug,Closed,Fixed,31/03/15,15/04/15
IDEMPIERE-2546,Bug,Closed,Fixed,30/03/15,13/04/15
IDEMPIERE-2543,Bug,Closed,Fixed,28/03/15,28/03/15
IDEMPIERE-2541,Bug,Closed,Fixed,25/03/15,01/07/15
IDEMPIERE-2539,Bug,Closed,Fixed,25/03/15,28/07/15
IDEMPIERE-2536,Bug,Closed,Won't Fix,24/03/15,07/04/15
IDEMPIERE-2535,Bug,Closed,Fixed,23/03/15,09/04/15
IDEMPIERE-2532,Bug,Closed,Fixed,20/03/15,08/04/15
IDEMPIERE-2531,Bug,Closed,Fixed,20/03/15,08/04/15
IDEMPIERE-2530,Bug,Closed,Fixed,19/03/15,08/04/15
IDEMPIERE-2528,Bug,Closed,Fixed,19/03/15,25/03/15
IDEMPIERE-2526,Bug,Closed,Fixed,18/03/15,18/03/15
IDEMPIERE-2525,Bug,Closed,Won't Fix,16/03/15,09/04/15
IDEMPIERE-2513,Bug,Closed,Fixed,11/03/15,11/03/15
IDEMPIERE-2512,Bug,Closed,Incomplete,11/03/15,12/03/15
IDEMPIERE-2509,Bug,Closed,Fixed,11/03/15,11/03/15
IDEMPIERE-2508,Bug,Closed,Fixed,10/03/15,19/08/15
IDEMPIERE-2507,Bug,Closed,Fixed,08/03/15,08/03/15
IDEMPIERE-2506,Bug,Closed,Fixed,08/03/15,08/03/15
IDEMPIERE-2505,Bug,Closed,Fixed,07/03/15,08/03/15
IDEMPIERE-2502,Bug,Closed,Fixed,05/03/15,05/03/15
IDEMPIERE-2501,Bug,Closed,Fixed,04/03/15,04/03/15
IDEMPIERE-2500,Bug,Closed,Fixed,04/03/15,04/03/15
IDEMPIERE-2499,Bug,Closed,Fixed,03/03/15,14/03/15
IDEMPIERE-2498,Bug,Closed,Cannot Reproduce,03/03/15,04/03/15
IDEMPIERE-2496,Bug,Closed,Cannot Reproduce,03/03/15,18/04/15
IDEMPIERE-2495,Bug,Closed,Cannot Reproduce,02/03/15,04/03/15
IDEMPIERE-2492,Bug,Closed,Won't Fix,02/03/15,09/03/15
IDEMPIERE-2490,Bug,Closed,Fixed,28/02/15,30/05/16
IDEMPIERE-2486,Bug,Closed,Fixed,26/02/15,14/03/15
IDEMPIERE-2484,Bug,Closed,Fixed,26/02/15,28/02/15
IDEMPIERE-2483,Bug,Closed,Fixed,25/02/15,27/02/15
IDEMPIERE-2482,Bug,Closed,Fixed,25/02/15,27/02/15
IDEMPIERE-2481,Bug,Closed,Fixed,25/02/15,05/05/15
IDEMPIERE-2480,Bug,Closed,Fixed,25/02/15,06/12/17
IDEMPIERE-2479,Bug,Closed,Fixed,24/02/15,12/08/15
IDEMPIERE-2476,Bug,Closed,Fixed,18/02/15,28/07/15
IDEMPIERE-2475,Bug,Closed,Fixed,18/02/15,18/02/15
IDEMPIERE-2474,Bug,Closed,Duplicate,17/02/15,18/02/15
IDEMPIERE-2472,Bug,Closed,Fixed,16/02/15,25/02/15
IDEMPIERE-2471,Bug,Closed,Duplicate,16/02/15,18/02/15
IDEMPIERE-2469,Bug,Closed,Fixed,13/02/15,26/02/15
IDEMPIERE-2466,Bug,Closed,Fixed,12/02/15,18/02/15
IDEMPIERE-2462,Bug,Closed,Fixed,10/02/15,25/02/15
IDEMPIERE-2459,Bug,Closed,Fixed,08/02/15,14/02/17
IDEMPIERE-2457,Bug,Closed,Cannot Reproduce,06/02/15,06/02/15
IDEMPIERE-2454,Bug,Closed,Cannot Reproduce,05/02/15,16/05/18
IDEMPIERE-2453,Bug,Closed,Fixed,05/02/15,25/02/15
IDEMPIERE-2452,Bug,Closed,Fixed,05/02/15,18/02/15
IDEMPIERE-2451,Bug,Closed,Fixed,04/02/15,18/02/15
IDEMPIERE-2449,Bug,Closed,Fixed,04/02/15,04/02/15
IDEMPIERE-2447,Bug,Closed,Fixed,04/02/15,04/02/15
IDEMPIERE-2446,Bug,Closed,Fixed,04/02/15,07/02/15
IDEMPIERE-2443,Bug,Closed,Won't Fix,04/02/15,06/05/15
IDEMPIERE-2440,Bug,Closed,Fixed,03/02/15,07/02/15
IDEMPIERE-2436,Bug,Closed,Fixed,02/02/15,07/02/15
IDEMPIERE-2435,Bug,Closed,Fixed,01/02/15,04/02/15
IDEMPIERE-2434,Bug,Closed,Fixed,01/02/15,08/03/15
IDEMPIERE-2433,Bug,Closed,Duplicate,01/02/15,01/02/15
IDEMPIERE-2432,Bug,Closed,Cannot Reproduce,01/02/15,27/07/18
IDEMPIERE-2428,Bug,Closed,Fixed,29/01/15,03/08/16
IDEMPIERE-2426,Bug,Closed,Won't Fix,29/01/15,29/01/15
IDEMPIERE-2425,Bug,Closed,Fixed,29/01/15,04/02/15
IDEMPIERE-2421,Bug,Closed,Cannot Reproduce,26/01/15,28/01/15
IDEMPIERE-2420,Bug,Closed,Fixed,24/01/15,08/04/15
IDEMPIERE-2419,Bug,Closed,Cannot Reproduce,24/01/15,27/07/18
IDEMPIERE-2417,Bug,Closed,Cannot Reproduce,23/01/15,03/02/15
IDEMPIERE-2408,Bug,Closed,Fixed,17/01/15,08/03/15
IDEMPIERE-2407,Bug,Closed,Incomplete,16/01/15,16/01/15
IDEMPIERE-2406,Bug,Closed,Fixed,16/01/15,17/02/16
IDEMPIERE-2403,Bug,Closed,Fixed,16/01/15,16/01/15
IDEMPIERE-2402,Bug,Closed,Fixed,14/01/15,14/01/15
IDEMPIERE-2401,Bug,Closed,Fixed,13/01/15,14/01/15
IDEMPIERE-2400,Bug,Closed,Fixed,13/01/15,14/01/15
IDEMPIERE-2397,Bug,Closed,Fixed,12/01/15,14/01/15
IDEMPIERE-2396,Bug,Closed,Incomplete,11/01/15,31/01/16
IDEMPIERE-2394,Bug,Closed,Fixed,11/01/15,11/01/15
IDEMPIERE-2392,Bug,Closed,Fixed,09/01/15,10/01/15
IDEMPIERE-2391,Bug,Closed,Fixed,08/01/15,01/07/15
IDEMPIERE-2382,Bug,Closed,Fixed,05/01/15,01/07/15
IDEMPIERE-2380,Bug,Closed,Fixed,04/01/15,14/01/15
IDEMPIERE-2379,Bug,Closed,Fixed,29/12/14,10/01/15
IDEMPIERE-2376,Bug,Closed,Cannot Reproduce,27/12/14,27/07/18
IDEMPIERE-2375,Bug,Closed,Fixed,26/12/14,26/12/14
IDEMPIERE-2374,Bug,Closed,Fixed,26/12/14,26/12/14
IDEMPIERE-2373,Bug,Closed,Fixed,26/12/14,26/12/14
IDEMPIERE-2372,Bug,Closed,Fixed,26/12/14,26/12/14
IDEMPIERE-2371,Bug,Closed,Won't Fix,26/12/14,01/08/15
IDEMPIERE-2369,Bug,Closed,Won't Fix,22/12/14,25/02/15
IDEMPIERE-2368,Bug,Closed,Fixed,22/12/14,22/12/14
IDEMPIERE-2366,Bug,Closed,Fixed,19/12/14,19/12/14
IDEMPIERE-2363,Bug,Closed,Fixed,16/12/14,16/12/14
IDEMPIERE-2362,Bug,Closed,Fixed,16/12/14,17/12/14
IDEMPIERE-2354,Bug,Closed,Fixed,05/12/14,26/12/14
IDEMPIERE-2349,Bug,Closed,Fixed,02/12/14,02/12/14
IDEMPIERE-2348,Bug,Closed,Fixed,01/12/14,01/12/14
IDEMPIERE-2347,Bug,Closed,Fixed,01/12/14,08/12/14
IDEMPIERE-2346,Bug,Closed,Fixed,26/11/14,26/11/14
IDEMPIERE-2345,Bug,Closed,Cannot Reproduce,26/11/14,27/07/18
IDEMPIERE-2342,Bug,Closed,Fixed,26/11/14,03/12/14
IDEMPIERE-2340,Bug,Closed,Fixed,25/11/14,25/11/14
IDEMPIERE-2339,Bug,Closed,Won't Fix,25/11/14,10/01/15
IDEMPIERE-2333,Bug,Closed,Fixed,24/11/14,11/01/15
IDEMPIERE-2332,Bug,Closed,Fixed,22/11/14,06/12/14
IDEMPIERE-2330,Bug,Closed,Fixed,21/11/14,10/12/14
IDEMPIERE-2329,Bug,Closed,Fixed,21/11/14,17/12/14
IDEMPIERE-2326,Bug,Closed,Fixed,19/11/14,19/11/14
IDEMPIERE-2325,Bug,Closed,Fixed,19/11/14,26/11/14
IDEMPIERE-2324,Bug,Closed,Fixed,19/11/14,19/11/14
IDEMPIERE-2323,Bug,Closed,Fixed,19/11/14,19/11/14
IDEMPIERE-2322,Bug,Closed,Fixed,18/11/14,18/11/14
IDEMPIERE-2318,Bug,Closed,Fixed,17/11/14,28/04/18
IDEMPIERE-2316,Bug,Closed,Fixed,14/11/14,14/11/14
IDEMPIERE-2315,Bug,Closed,Fixed,14/11/14,14/11/14
IDEMPIERE-2313,Bug,Closed,Cannot Reproduce,13/11/14,27/07/18
IDEMPIERE-2312,Bug,Closed,Fixed,13/11/14,13/11/14
IDEMPIERE-2311,Bug,Closed,Fixed,12/11/14,14/01/15
IDEMPIERE-2307,Bug,Closed,Cannot Reproduce,06/11/14,06/11/14
IDEMPIERE-2306,Bug,Closed,Fixed,06/11/14,11/11/14
IDEMPIERE-2305,Bug,Closed,Fixed,05/11/14,08/11/14
IDEMPIERE-2304,Bug,Closed,Fixed,05/11/14,05/11/14
IDEMPIERE-2303,Bug,Closed,Fixed,04/11/14,05/11/14
IDEMPIERE-2300,Bug,Closed,Fixed,03/11/14,07/02/15
IDEMPIERE-2299,Bug,Closed,Fixed,03/11/14,05/11/14
IDEMPIERE-2298,Bug,Closed,Won't Fix,03/11/14,18/03/15
IDEMPIERE-2296,Bug,Closed,Fixed,03/11/14,19/08/15
IDEMPIERE-2295,Bug,Closed,Fixed,03/11/14,14/01/15
IDEMPIERE-2294,Bug,Closed,Cannot Reproduce,02/11/14,10/01/15
IDEMPIERE-2293,Bug,Closed,Cannot Reproduce,02/11/14,27/11/15
IDEMPIERE-2291,Bug,Closed,Fixed,01/11/14,13/01/15
IDEMPIERE-2290,Bug,Closed,Fixed,31/10/14,31/10/14
IDEMPIERE-2287,Bug,Closed,Fixed,31/10/14,18/12/14
IDEMPIERE-2284,Bug,Closed,Fixed,29/10/14,29/10/14
IDEMPIERE-2282,Bug,Closed,Won't Fix,29/10/14,27/07/18
IDEMPIERE-2281,Bug,Closed,Fixed,29/10/14,05/11/14
IDEMPIERE-2279,Bug,Closed,Fixed,28/10/14,29/10/14
IDEMPIERE-2278,Bug,Closed,Fixed,28/10/14,29/10/14
IDEMPIERE-2277,Bug,Closed,Fixed,28/10/14,15/03/15
IDEMPIERE-2276,Bug,Closed,Fixed,27/10/14,27/10/14
IDEMPIERE-2275,Bug,Closed,Fixed,27/10/14,29/10/14
IDEMPIERE-2273,Bug,Closed,Fixed,26/10/14,19/12/16
IDEMPIERE-2271,Bug,Closed,Fixed,25/10/14,13/12/16
IDEMPIERE-2270,Bug,Closed,Incomplete,24/10/14,25/10/14
IDEMPIERE-2269,Bug,Closed,Fixed,24/10/14,24/10/14
IDEMPIERE-2268,Bug,Closed,Fixed,23/10/14,14/01/15
IDEMPIERE-2267,Bug,Closed,Fixed,23/10/14,05/11/14
IDEMPIERE-2266,Bug,Closed,Fixed,23/10/14,22/03/16
IDEMPIERE-2265,Bug,Closed,Fixed,23/10/14,10/01/15
IDEMPIERE-2264,Bug,Closed,Duplicate,22/10/14,10/01/15
IDEMPIERE-2263,Bug,Closed,Duplicate,22/10/14,10/01/15
IDEMPIERE-2262,Bug,Closed,Fixed,22/10/14,14/01/15
IDEMPIERE-2261,Bug,Closed,Fixed,22/10/14,05/11/14
IDEMPIERE-2258,Bug,Closed,Incomplete,21/10/14,10/01/15
IDEMPIERE-2256,Bug,Closed,Fixed,19/10/14,22/10/14
IDEMPIERE-2253,Bug,Closed,Fixed,17/10/14,07/01/15
IDEMPIERE-2252,Bug,Closed,Cannot Reproduce,16/10/14,17/10/14
IDEMPIERE-2251,Bug,Closed,Fixed,16/10/14,22/10/14
IDEMPIERE-2250,Bug,Closed,Won't Fix,16/10/14,22/10/14
IDEMPIERE-2249,Bug,Closed,Cannot Reproduce,16/10/14,27/07/18
IDEMPIERE-2248,Bug,Closed,Fixed,14/10/14,22/04/15
IDEMPIERE-2247,Bug,Closed,Fixed,14/10/14,15/10/14
IDEMPIERE-2242,Bug,Closed,Won't Fix,11/10/14,11/10/14
IDEMPIERE-2238,Bug,Closed,Fixed,10/10/14,07/04/15
IDEMPIERE-2234,Bug,Closed,Fixed,09/10/14,17/05/18
IDEMPIERE-2229,Bug,Closed,Fixed,06/10/14,02/02/15
IDEMPIERE-2226,Bug,Closed,Cannot Reproduce,04/10/14,27/07/18
IDEMPIERE-2224,Bug,Closed,Fixed,03/10/14,31/08/15
IDEMPIERE-2222,Bug,Closed,Incomplete,02/10/14,27/07/18
IDEMPIERE-2221,Bug,Closed,Fixed,01/10/14,15/10/14
IDEMPIERE-2220,Bug,Closed,Incomplete,01/10/14,27/07/18
IDEMPIERE-2219,Bug,Closed,Fixed,01/10/14,01/10/14
IDEMPIERE-2218,Bug,Closed,Fixed,29/09/14,29/09/14
IDEMPIERE-2217,Bug,Closed,Fixed,29/09/14,14/01/15
IDEMPIERE-2215,Bug,Closed,Incomplete,25/09/14,27/07/18
IDEMPIERE-2212,Bug,Closed,Won't Fix,24/09/14,27/07/18
IDEMPIERE-2211,Bug,Closed,Incomplete,23/09/14,27/07/18
IDEMPIERE-2210,Bug,Closed,Won't Fix,21/09/14,27/07/18
IDEMPIERE-2207,Bug,Closed,Fixed,19/09/14,15/10/14
IDEMPIERE-2202,Bug,Closed,Won't Fix,13/09/14,15/10/14
IDEMPIERE-2201,Bug,Closed,Fixed,13/09/14,01/10/14
IDEMPIERE-2200,Bug,Closed,Duplicate,13/09/14,10/08/17
IDEMPIERE-2191,Bug,Closed,Fixed,05/09/14,07/01/15
IDEMPIERE-2190,Bug,Closed,Fixed,05/09/14,05/09/14
IDEMPIERE-2189,Bug,Closed,Won't Fix,05/09/14,25/06/15
IDEMPIERE-2185,Bug,Closed,Cannot Reproduce,04/09/14,05/10/14
IDEMPIERE-2181,Bug,Closed,Fixed,03/09/14,26/05/15
IDEMPIERE-2180,Bug,Closed,Fixed,03/09/14,01/10/14
IDEMPIERE-2178,Bug,Closed,Duplicate,03/09/14,13/07/18
IDEMPIERE-2176,Bug,Closed,Duplicate,02/09/14,03/09/14
IDEMPIERE-2174,Bug,Closed,Fixed,01/09/14,03/09/14
IDEMPIERE-2173,Bug,Closed,Cannot Reproduce,01/09/14,05/10/14
IDEMPIERE-2171,Bug,Closed,Fixed,30/08/14,03/09/14
IDEMPIERE-2170,Bug,Closed,Fixed,29/08/14,05/09/14
IDEMPIERE-2166,Bug,Closed,Fixed,24/08/14,05/09/14
IDEMPIERE-2163,Bug,Closed,Fixed,21/08/14,27/08/14
IDEMPIERE-2162,Bug,Closed,Cannot Reproduce,21/08/14,18/07/17
IDEMPIERE-2161,Bug,Closed,Fixed,20/08/14,13/01/15
IDEMPIERE-2160,Bug,Closed,Fixed,19/08/14,03/09/14
IDEMPIERE-2158,Bug,Closed,Incomplete,19/08/14,16/10/15
IDEMPIERE-2157,Bug,Closed,Duplicate,19/08/14,05/09/14
IDEMPIERE-2154,Bug,Closed,Fixed,17/08/14,15/10/14
IDEMPIERE-2151,Bug,Closed,Incomplete,16/08/14,16/08/14
IDEMPIERE-2149,Bug,Closed,Won't Fix,14/08/14,12/12/16
IDEMPIERE-2148,Bug,Closed,Fixed,13/08/14,07/01/15
IDEMPIERE-2146,Bug,Closed,Fixed,13/08/14,27/08/14
IDEMPIERE-2145,Bug,Closed,Incomplete,13/08/14,29/05/18
IDEMPIERE-2144,Bug,Closed,Fixed,13/08/14,27/08/14
IDEMPIERE-2143,Bug,Closed,Fixed,13/08/14,27/08/14
IDEMPIERE-2142,Bug,Closed,Fixed,13/08/14,27/08/14
IDEMPIERE-2140,Bug,Closed,Fixed,12/08/14,03/02/16
IDEMPIERE-2137,Bug,Closed,Fixed,12/08/14,03/09/14
IDEMPIERE-2136,Bug,Closed,Fixed,12/08/14,14/01/15
IDEMPIERE-2135,Bug,Closed,Fixed,12/08/14,12/08/14
IDEMPIERE-2134,Bug,Closed,Fixed,11/08/14,12/08/14
IDEMPIERE-2133,Bug,Closed,Cannot Reproduce,10/08/14,13/07/18
IDEMPIERE-2132,Bug,Closed,Fixed,10/08/14,26/11/14
IDEMPIERE-2131,Bug,Closed,Fixed,08/08/14,27/04/15
IDEMPIERE-2129,Bug,Closed,Fixed,07/08/14,05/09/14
IDEMPIERE-2125,Bug,Closed,Fixed,06/08/14,08/08/14
IDEMPIERE-2124,Bug,Closed,Fixed,06/08/14,08/08/14
IDEMPIERE-2122,Bug,Closed,Fixed,05/08/14,22/10/14
IDEMPIERE-2120,Bug,Closed,Fixed,04/08/14,12/08/16
IDEMPIERE-2117,Bug,Closed,Won't Fix,01/08/14,13/07/18
IDEMPIERE-2116,Bug,Closed,Fixed,01/08/14,29/10/14
IDEMPIERE-2114,Bug,Closed,Fixed,01/08/14,19/01/15
IDEMPIERE-2104,Bug,Closed,Fixed,28/07/14,03/09/14
IDEMPIERE-2102,Bug,Closed,Fixed,27/07/14,27/07/14
IDEMPIERE-2101,Bug,Closed,Fixed,27/07/14,27/07/14
IDEMPIERE-2099,Bug,Closed,Fixed,26/07/14,10/01/15
IDEMPIERE-2098,Bug,Closed,Fixed,25/07/14,05/09/14
IDEMPIERE-2097,Bug,Closed,Cannot Reproduce,25/07/14,25/04/15
IDEMPIERE-2096,Bug,Closed,Fixed,25/07/14,05/09/14
IDEMPIERE-2095,Bug,Closed,Fixed,25/07/14,27/08/14
IDEMPIERE-2093,Bug,Closed,Fixed,25/07/14,27/08/14
IDEMPIERE-2092,Bug,Closed,Cannot Reproduce,25/07/14,13/07/18
IDEMPIERE-2090,Bug,Closed,Cannot Reproduce,25/07/14,19/08/16
IDEMPIERE-2086,Bug,Closed,Fixed,23/07/14,23/07/14
IDEMPIERE-2085,Bug,Closed,Fixed,23/07/14,11/07/18
IDEMPIERE-2084,Bug,Closed,Fixed,22/07/14,27/08/14
IDEMPIERE-2083,Bug,Closed,Fixed,22/07/14,23/07/14
IDEMPIERE-2082,Bug,Closed,Fixed,22/07/14,01/09/14
IDEMPIERE-2079,Bug,Closed,Fixed,18/07/14,18/07/14
IDEMPIERE-2068,Bug,Closed,Fixed,16/07/14,09/11/14
IDEMPIERE-2065,Bug,Closed,Fixed,16/07/14,07/08/16
IDEMPIERE-2063,Bug,Closed,Fixed,16/07/14,16/07/14
IDEMPIERE-2061,Bug,Closed,Fixed,16/07/14,16/07/14
IDEMPIERE-2059,Bug,Closed,Fixed,15/07/14,15/07/14
IDEMPIERE-2056,Bug,Closed,Fixed,15/07/14,15/07/14
IDEMPIERE-2049,Bug,Closed,Fixed,09/07/14,26/11/14
IDEMPIERE-2048,Bug,Closed,Fixed,07/07/14,09/07/14
IDEMPIERE-2046,Bug,Closed,Fixed,07/07/14,07/01/15
IDEMPIERE-2045,Bug,Closed,Cannot Reproduce,05/07/14,12/07/18
IDEMPIERE-2044,Bug,Closed,Won't Fix,04/07/14,06/09/14
IDEMPIERE-2042,Bug,Closed,Fixed,04/07/14,04/07/14
IDEMPIERE-2041,Bug,Closed,Fixed,03/07/14,12/09/17
IDEMPIERE-2038,Bug,Closed,Fixed,02/07/14,11/07/14
IDEMPIERE-2037,Bug,Closed,Fixed,02/07/14,11/07/14
IDEMPIERE-2035,Bug,Closed,Fixed,02/07/14,04/07/14
IDEMPIERE-2031,Bug,Closed,Cannot Reproduce,01/07/14,11/07/18
IDEMPIERE-2030,Bug,Closed,Incomplete,01/07/14,02/07/14
IDEMPIERE-2029,Bug,Closed,Fixed,01/07/14,15/07/14
IDEMPIERE-2028,Bug,Closed,Fixed,30/06/14,30/06/14
IDEMPIERE-2027,Bug,Closed,Fixed,28/06/14,16/07/14
IDEMPIERE-2026,Bug,Closed,Fixed,28/06/14,16/07/14
IDEMPIERE-2024,Bug,Closed,Fixed,27/06/14,28/06/14
IDEMPIERE-2023,Bug,Closed,Fixed,25/06/14,15/07/14
IDEMPIERE-2018,Bug,Closed,Fixed,24/06/14,25/06/14
IDEMPIERE-2016,Bug,Closed,Cannot Reproduce,23/06/14,16/05/18
IDEMPIERE-2015,Bug,Closed,Fixed,23/06/14,23/06/14
IDEMPIERE-2014,Bug,Closed,Fixed,23/06/14,23/06/14
IDEMPIERE-2013,Bug,Closed,Fixed,23/06/14,25/06/14
IDEMPIERE-2012,Bug,Closed,Cannot Reproduce,23/06/14,08/10/14
IDEMPIERE-2010,Bug,Closed,Fixed,21/06/14,02/07/14
IDEMPIERE-2006,Bug,Closed,Fixed,19/06/14,20/06/14
IDEMPIERE-2004,Bug,Closed,Fixed,18/06/14,11/07/14
IDEMPIERE-2003,Bug,Closed,Fixed,17/06/14,11/07/14
IDEMPIERE-2002,Bug,Closed,Duplicate,17/06/14,17/06/14
IDEMPIERE-1998,Bug,Closed,Fixed,12/06/14,15/07/14
IDEMPIERE-1997,Bug,Closed,Fixed,11/06/14,11/06/14
IDEMPIERE-1996,Bug,Closed,Fixed,11/06/14,11/06/14
IDEMPIERE-1992,Bug,Closed,Fixed,09/06/14,02/07/14
IDEMPIERE-1984,Bug,Closed,Duplicate,04/06/14,23/10/14
IDEMPIERE-1983,Bug,Closed,Fixed,04/06/14,14/01/15
IDEMPIERE-1982,Bug,Closed,Fixed,03/06/14,14/01/15
IDEMPIERE-1980,Bug,Closed,Duplicate,02/06/14,13/06/14
IDEMPIERE-1978,Bug,Closed,Duplicate,01/06/14,01/06/14
IDEMPIERE-1971,Bug,Closed,Fixed,28/05/14,19/07/14
IDEMPIERE-1968,Bug,Closed,Fixed,27/05/14,11/07/14
IDEMPIERE-1966,Bug,Closed,Fixed,26/05/14,10/08/15
IDEMPIERE-1960,Bug,Closed,Fixed,20/05/14,21/05/14
IDEMPIERE-1959,Bug,Closed,Won't Fix,20/05/14,11/07/18
IDEMPIERE-1958,Bug,Closed,Fixed,19/05/14,21/05/14
IDEMPIERE-1956,Bug,Closed,Won't Fix,18/05/14,18/05/14
IDEMPIERE-1953,Bug,Closed,Fixed,16/05/14,30/05/14
IDEMPIERE-1950,Bug,Closed,Fixed,14/05/14,14/05/14
IDEMPIERE-1944,Bug,Closed,Fixed,09/05/14,14/05/14
IDEMPIERE-1943,Bug,Closed,Fixed,08/05/14,08/05/14
IDEMPIERE-1942,Bug,Closed,Duplicate,08/05/14,08/05/14
IDEMPIERE-1939,Bug,Closed,Fixed,07/05/14,23/10/14
IDEMPIERE-1938,Bug,Closed,Won't Fix,07/05/14,13/06/14
IDEMPIERE-1937,Bug,Closed,Fixed,07/05/14,23/10/14
IDEMPIERE-1931,Bug,Closed,Incomplete,05/05/14,11/07/18
IDEMPIERE-1929,Bug,Closed,Fixed,05/05/14,22/10/14
IDEMPIERE-1927,Bug,Closed,Fixed,02/05/14,02/05/14
IDEMPIERE-1925,Bug,Closed,Fixed,01/05/14,02/05/14
IDEMPIERE-1924,Bug,Closed,Duplicate,01/05/14,14/05/14
IDEMPIERE-1921,Bug,Closed,Fixed,29/04/14,29/04/14
IDEMPIERE-1920,Bug,Closed,Fixed,29/04/14,29/04/14
IDEMPIERE-1917,Bug,Closed,Fixed,28/04/14,28/04/14
IDEMPIERE-1915,Bug,Closed,Fixed,28/04/14,28/04/14
IDEMPIERE-1912,Bug,Closed,Fixed,23/04/14,23/04/14
IDEMPIERE-1908,Bug,Closed,Fixed,18/04/14,20/04/14
IDEMPIERE-1904,Bug,Closed,Fixed,16/04/14,28/04/14
IDEMPIERE-1903,Bug,Closed,Fixed,16/04/14,16/04/14
IDEMPIERE-1902,Bug,Closed,Fixed,14/04/14,16/04/14
IDEMPIERE-1897,Bug,Closed,Fixed,13/04/14,12/09/17
IDEMPIERE-1894,Bug,Closed,Fixed,10/04/14,07/05/14
IDEMPIERE-1892,Bug,Closed,Won't Fix,09/04/14,09/04/14
IDEMPIERE-1891,Bug,Closed,Fixed,08/04/14,20/04/14
IDEMPIERE-1889,Bug,Closed,Cannot Reproduce,08/04/14,24/07/14
IDEMPIERE-1888,Bug,Closed,Fixed,07/04/14,16/04/14
IDEMPIERE-1884,Bug,Closed,Fixed,06/04/14,09/04/14
IDEMPIERE-1881,Bug,Closed,Fixed,04/04/14,11/08/14
IDEMPIERE-1878,Bug,Closed,Fixed,04/04/14,02/07/14
IDEMPIERE-1877,Bug,Closed,Fixed,03/04/14,11/04/14
IDEMPIERE-1875,Bug,Closed,Fixed,03/04/14,03/04/14
IDEMPIERE-1874,Bug,Closed,Duplicate,03/04/14,03/04/14
IDEMPIERE-1873,Bug,Closed,Duplicate,03/04/14,03/04/14
IDEMPIERE-1869,Bug,Closed,Fixed,31/03/14,16/04/14
IDEMPIERE-1868,Bug,Closed,Fixed,31/03/14,28/05/14
IDEMPIERE-1866,Bug,Closed,Fixed,31/03/14,16/07/14
IDEMPIERE-1865,Bug,Closed,Won't Fix,31/03/14,07/09/14
IDEMPIERE-1864,Bug,Closed,Fixed,30/03/14,30/03/14
IDEMPIERE-1862,Bug,Closed,Fixed,28/03/14,16/04/14
IDEMPIERE-1861,Bug,Closed,Won't Fix,27/03/14,27/03/14
IDEMPIERE-1859,Bug,Closed,Fixed,25/03/14,05/09/14
IDEMPIERE-1858,Bug,Closed,Won't Fix,25/03/14,25/06/15
IDEMPIERE-1857,Bug,Closed,Fixed,25/03/14,08/05/14
IDEMPIERE-1856,Bug,Closed,Fixed,25/03/14,30/05/14
IDEMPIERE-1855,Bug,Closed,Duplicate,24/03/14,24/03/14
IDEMPIERE-1853,Bug,Closed,Fixed,24/03/14,07/04/14
IDEMPIERE-1852,Bug,Closed,Fixed,24/03/14,24/03/14
IDEMPIERE-1850,Bug,Closed,Fixed,23/03/14,22/10/14
IDEMPIERE-1849,Bug,Closed,Incomplete,23/03/14,24/03/14
IDEMPIERE-1844,Bug,Closed,Fixed,21/03/14,21/03/14
IDEMPIERE-1843,Bug,Closed,Fixed,21/03/14,07/05/14
IDEMPIERE-1840,Bug,Closed,Fixed,20/03/14,25/09/14
IDEMPIERE-1837,Bug,Closed,Fixed,20/03/14,08/04/14
IDEMPIERE-1836,Bug,Closed,Cannot Reproduce,19/03/14,26/02/15
IDEMPIERE-1835,Bug,Closed,Fixed,19/03/14,19/03/14
IDEMPIERE-1834,Bug,Closed,Fixed,19/03/14,02/04/14
IDEMPIERE-1831,Bug,Closed,Fixed,19/03/14,19/03/14
IDEMPIERE-1829,Bug,Closed,Fixed,18/03/14,19/03/14
IDEMPIERE-1826,Bug,Closed,Duplicate,18/03/14,26/10/14
IDEMPIERE-1823,Bug,Closed,Duplicate,17/03/14,25/04/14
IDEMPIERE-1822,Bug,Closed,Fixed,16/03/14,11/07/14
IDEMPIERE-1821,Bug,Closed,Fixed,16/03/14,07/01/15
IDEMPIERE-1820,Bug,Closed,Fixed,16/03/14,28/09/15
IDEMPIERE-1819,Bug,Closed,Duplicate,15/03/14,15/03/14
IDEMPIERE-1817,Bug,Closed,Fixed,13/03/14,15/10/14
IDEMPIERE-1814,Bug,Closed,Fixed,12/03/14,02/04/14
IDEMPIERE-1811,Bug,Closed,Won't Fix,12/03/14,12/03/14
IDEMPIERE-1810,Bug,Closed,Cannot Reproduce,11/03/14,11/03/14
IDEMPIERE-1806,Bug,Closed,Won't Fix,10/03/14,11/03/14
IDEMPIERE-1805,Bug,Closed,Fixed,10/03/14,06/11/14
IDEMPIERE-1803,Bug,Closed,Fixed,10/03/14,04/03/15
IDEMPIERE-1800,Bug,Closed,Fixed,08/03/14,26/02/15
IDEMPIERE-1799,Bug,Closed,Incomplete,08/03/14,10/03/14
IDEMPIERE-1798,Bug,Closed,Incomplete,08/03/14,11/07/18
IDEMPIERE-1797,Bug,Closed,Fixed,08/03/14,24/03/14
IDEMPIERE-1791,Bug,Closed,Duplicate,07/03/14,08/03/14
IDEMPIERE-1787,Bug,Closed,Fixed,05/03/14,06/03/14
IDEMPIERE-1786,Bug,Closed,Fixed,05/03/14,06/03/14
IDEMPIERE-1784,Bug,Closed,Fixed,05/03/14,26/05/15
IDEMPIERE-1781,Bug,Closed,Fixed,01/03/14,07/01/15
IDEMPIERE-1780,Bug,Closed,Won't Fix,01/03/14,11/07/18
IDEMPIERE-1778,Bug,Closed,Fixed,28/02/14,06/03/14
IDEMPIERE-1775,Bug,Closed,Fixed,27/02/14,12/03/14
IDEMPIERE-1771,Bug,Closed,Fixed,26/02/14,26/02/15
IDEMPIERE-1769,Bug,Closed,Fixed,25/02/14,26/02/14
IDEMPIERE-1767,Bug,Closed,Fixed,24/02/14,24/02/14
IDEMPIERE-1765,Bug,Closed,Fixed,20/02/14,24/02/14
IDEMPIERE-1764,Bug,Closed,Fixed,19/02/14,10/01/15
IDEMPIERE-1763,Bug,Closed,Fixed,19/02/14,07/05/14
IDEMPIERE-1761,Bug,Closed,Fixed,18/02/14,19/02/14
IDEMPIERE-1759,Bug,Closed,Duplicate,16/02/14,10/01/15
IDEMPIERE-1758,Bug,Closed,Fixed,16/02/14,16/02/14
IDEMPIERE-1757,Bug,Closed,Fixed,13/02/14,06/03/14
IDEMPIERE-1756,Bug,Closed,Fixed,13/02/14,12/07/16
IDEMPIERE-1755,Bug,Closed,Fixed,13/02/14,15/02/14
IDEMPIERE-1751,Bug,Closed,Fixed,12/02/14,15/02/14
IDEMPIERE-1748,Bug,Closed,Fixed,10/02/14,19/02/14
IDEMPIERE-1743,Bug,Closed,Cannot Reproduce,07/02/14,07/04/15
IDEMPIERE-1742,Bug,Closed,Fixed,07/02/14,21/03/14
IDEMPIERE-1741,Bug,Closed,Fixed,06/02/14,11/07/18
IDEMPIERE-1740,Bug,Closed,Won't Fix,06/02/14,21/03/14
IDEMPIERE-1738,Bug,Closed,Fixed,06/02/14,12/03/14
IDEMPIERE-1737,Bug,Closed,Fixed,06/02/14,12/03/14
IDEMPIERE-1735,Bug,Closed,Cannot Reproduce,04/02/14,05/11/14
IDEMPIERE-1734,Bug,Closed,Fixed,04/02/14,07/04/14
IDEMPIERE-1733,Bug,Closed,Fixed,03/02/14,26/02/15
IDEMPIERE-1732,Bug,Closed,Fixed,03/02/14,07/02/14
IDEMPIERE-1730,Bug,Closed,Fixed,03/02/14,12/03/14
IDEMPIERE-1727,Bug,Closed,Fixed,01/02/14,24/04/14
IDEMPIERE-1726,Bug,Closed,Fixed,31/01/14,07/05/14
IDEMPIERE-1725,Bug,Closed,Fixed,30/01/14,17/10/17
IDEMPIERE-1721,Bug,Closed,Fixed,26/01/14,16/12/17
IDEMPIERE-1720,Bug,Closed,Incomplete,25/01/14,26/02/15
IDEMPIERE-1719,Bug,Closed,Duplicate,24/01/14,05/03/14
IDEMPIERE-1713,Bug,Closed,Won't Fix,23/01/14,09/02/14
IDEMPIERE-1712,Bug,Closed,Fixed,23/01/14,12/03/14
IDEMPIERE-1707,Bug,Closed,Fixed,22/01/14,12/03/14
IDEMPIERE-1706,Bug,Closed,Cannot Reproduce,21/01/14,25/06/15
IDEMPIERE-1704,Bug,Closed,Fixed,21/01/14,21/01/14
IDEMPIERE-1702,Bug,Closed,Fixed,20/01/14,24/01/14
IDEMPIERE-1701,Bug,Closed,Fixed,20/01/14,12/03/14
IDEMPIERE-1700,Bug,Closed,Fixed,19/01/14,19/01/14
IDEMPIERE-1697,Bug,Closed,Fixed,17/01/14,02/07/14
IDEMPIERE-1696,Bug,Closed,Fixed,16/01/14,04/07/14
IDEMPIERE-1695,Bug,Closed,Fixed,15/01/14,09/01/15
IDEMPIERE-1694,Bug,Closed,Duplicate,15/01/14,17/03/15
IDEMPIERE-1692,Bug,Closed,Duplicate,15/01/14,26/03/14
IDEMPIERE-1690,Bug,Closed,Duplicate,15/01/14,09/09/14
IDEMPIERE-1689,Bug,Closed,Fixed,15/01/14,07/01/15
IDEMPIERE-1683,Bug,Closed,Fixed,11/01/14,05/03/14
IDEMPIERE-1682,Bug,Closed,Incomplete,11/01/14,05/03/14
IDEMPIERE-1681,Bug,Closed,Won't Fix,11/01/14,12/03/14
IDEMPIERE-1679,Bug,Closed,Fixed,09/01/14,12/03/14
IDEMPIERE-1677,Bug,Closed,Fixed,07/01/14,08/01/14
IDEMPIERE-1676,Bug,Closed,Fixed,07/01/14,08/01/14
IDEMPIERE-1675,Bug,Closed,Fixed,07/01/14,19/03/14
IDEMPIERE-1673,Bug,Closed,Fixed,06/01/14,08/01/14
IDEMPIERE-1672,Bug,Closed,Fixed,05/01/14,04/09/16
IDEMPIERE-1671,Bug,Closed,Duplicate,05/01/14,23/06/14
IDEMPIERE-1670,Bug,Closed,Fixed,05/01/14,12/03/14
IDEMPIERE-1667,Bug,Closed,Duplicate,03/01/14,16/07/14
IDEMPIERE-1666,Bug,Closed,Cannot Reproduce,03/01/14,06/06/14
IDEMPIERE-1665,Bug,Closed,Fixed,03/01/14,22/10/14
IDEMPIERE-1664,Bug,Closed,Fixed,02/01/14,12/03/14
IDEMPIERE-1663,Bug,Closed,Cannot Reproduce,01/01/14,02/01/14
IDEMPIERE-1662,Bug,Closed,Fixed,31/12/13,12/03/14
IDEMPIERE-1660,Bug,Closed,Fixed,31/12/13,31/03/17
IDEMPIERE-1659,Bug,Closed,Duplicate,30/12/13,26/02/15
IDEMPIERE-1656,Bug,Closed,Fixed,30/12/13,30/12/13
IDEMPIERE-1655,Bug,Closed,Fixed,30/12/13,08/03/15
IDEMPIERE-1654,Bug,Closed,Fixed,29/12/13,07/01/15
IDEMPIERE-1653,Bug,Closed,Fixed,29/12/13,30/12/13
IDEMPIERE-1652,Bug,Closed,Duplicate,29/12/13,09/03/18
IDEMPIERE-1649,Bug,Closed,Fixed,27/12/13,08/05/14
IDEMPIERE-1647,Bug,Closed,Fixed,27/12/13,27/12/13
IDEMPIERE-1646,Bug,Closed,Fixed,26/12/13,12/03/14
IDEMPIERE-1645,Bug,Closed,Incomplete,26/12/13,26/02/15
IDEMPIERE-1644,Bug,Closed,Fixed,26/12/13,28/12/13
IDEMPIERE-1642,Bug,Closed,Fixed,20/12/13,26/12/13
IDEMPIERE-1641,Bug,Closed,Fixed,19/12/13,19/12/13
IDEMPIERE-1638,Bug,Closed,Fixed,17/12/13,17/12/13
IDEMPIERE-1637,Bug,Closed,Fixed,17/12/13,17/12/13
IDEMPIERE-1636,Bug,Closed,Fixed,16/12/13,30/12/13
IDEMPIERE-1634,Bug,Closed,Won't Fix,15/12/13,04/03/15
IDEMPIERE-1633,Bug,Closed,Fixed,15/12/13,25/02/15
IDEMPIERE-1632,Bug,Closed,Fixed,14/12/13,06/01/14
IDEMPIERE-1630,Bug,Closed,Fixed,13/12/13,13/12/13
IDEMPIERE-1629,Bug,Closed,Fixed,13/12/13,17/12/13
IDEMPIERE-1628,Bug,Closed,Fixed,13/12/13,13/12/13
IDEMPIERE-1627,Bug,Closed,Fixed,13/12/13,15/01/14
IDEMPIERE-1625,Bug,Closed,Fixed,11/12/13,11/12/13
IDEMPIERE-1623,Bug,Closed,Fixed,11/12/13,11/12/13
IDEMPIERE-1622,Bug,Closed,Fixed,11/12/13,11/12/13
IDEMPIERE-1621,Bug,Closed,Fixed,10/12/13,11/12/13
IDEMPIERE-1619,Bug,Closed,Fixed,09/12/13,19/03/14
IDEMPIERE-1618,Bug,Closed,Fixed,09/12/13,11/08/15
IDEMPIERE-1616,Bug,Closed,Fixed,07/12/13,04/02/15
IDEMPIERE-1614,Bug,Closed,Won't Fix,06/12/13,06/01/14
IDEMPIERE-1613,Bug,Closed,Fixed,06/12/13,26/02/14
IDEMPIERE-1610,Bug,Closed,Fixed,06/12/13,31/12/13
IDEMPIERE-1602,Bug,Closed,Fixed,04/12/13,04/12/13
IDEMPIERE-1601,Bug,Closed,Fixed,04/12/13,04/12/13
IDEMPIERE-1600,Bug,Closed,Cannot Reproduce,04/12/13,12/02/14
IDEMPIERE-1599,Bug,Closed,Fixed,03/12/13,19/02/14
IDEMPIERE-1598,Bug,Closed,Fixed,03/12/13,19/02/14
IDEMPIERE-1597,Bug,Closed,Fixed,03/12/13,17/12/13
IDEMPIERE-1595,Bug,Closed,Fixed,03/12/13,06/12/13
IDEMPIERE-1594,Bug,Closed,Fixed,03/12/13,10/01/15
IDEMPIERE-1592,Bug,Closed,Fixed,03/12/13,04/12/13
IDEMPIERE-1590,Bug,Closed,Fixed,03/12/13,04/12/13
IDEMPIERE-1589,Bug,Closed,Fixed,02/12/13,04/12/13
IDEMPIERE-1587,Bug,Closed,Fixed,30/11/13,11/12/13
IDEMPIERE-1586,Bug,Closed,Cannot Reproduce,30/11/13,11/07/18
IDEMPIERE-1584,Bug,Closed,Fixed,29/11/13,17/12/13
IDEMPIERE-1581,Bug,Closed,Fixed,28/11/13,07/03/14
IDEMPIERE-1578,Bug,Closed,Fixed,28/11/13,19/12/13
IDEMPIERE-1577,Bug,Closed,Fixed,28/11/13,28/11/13
IDEMPIERE-1574,Bug,Closed,Fixed,27/11/13,24/01/14
IDEMPIERE-1571,Bug,Closed,Fixed,26/11/13,04/12/13
IDEMPIERE-1570,Bug,Closed,Incomplete,25/11/13,26/11/13
IDEMPIERE-1569,Bug,Closed,Fixed,25/11/13,25/11/13
IDEMPIERE-1567,Bug,Closed,Duplicate,25/11/13,25/11/13
IDEMPIERE-1565,Bug,Closed,Fixed,21/11/13,22/11/13
IDEMPIERE-1564,Bug,Closed,Fixed,21/11/13,22/11/13
IDEMPIERE-1563,Bug,Closed,Fixed,21/11/13,22/11/13
IDEMPIERE-1561,Bug,Closed,Fixed,21/11/13,21/11/13
IDEMPIERE-1559,Bug,Closed,Fixed,20/11/13,25/11/13
IDEMPIERE-1558,Bug,Closed,Fixed,20/11/13,11/12/13
IDEMPIERE-1557,Bug,Closed,Fixed,20/11/13,25/11/13
IDEMPIERE-1556,Bug,Closed,Fixed,20/11/13,20/11/13
IDEMPIERE-1553,Bug,Closed,Fixed,20/11/13,20/11/13
IDEMPIERE-1550,Bug,Closed,Fixed,19/11/13,07/03/14
IDEMPIERE-1548,Bug,Closed,Fixed,18/11/13,19/03/14
IDEMPIERE-1547,Bug,Closed,Fixed,18/11/13,11/07/14
IDEMPIERE-1546,Bug,Closed,Fixed,17/11/13,26/10/17
IDEMPIERE-1545,Bug,Closed,Fixed,17/11/13,08/01/14
IDEMPIERE-1544,Bug,Closed,Fixed,17/11/13,26/11/13
IDEMPIERE-1542,Bug,Closed,Fixed,17/11/13,09/12/13
IDEMPIERE-1536,Bug,Closed,Fixed,15/11/13,12/03/14
IDEMPIERE-1534,Bug,Closed,Won't Fix,15/11/13,15/11/13
IDEMPIERE-1533,Bug,Closed,Fixed,14/11/13,16/11/13
IDEMPIERE-1532,Bug,Closed,Fixed,13/11/13,17/12/13
IDEMPIERE-1531,Bug,Closed,Incomplete,13/11/13,23/12/13
IDEMPIERE-1529,Bug,Closed,Fixed,13/11/13,10/01/15
IDEMPIERE-1527,Bug,Closed,Cannot Reproduce,12/11/13,16/07/14
IDEMPIERE-1526,Bug,Closed,Fixed,11/11/13,27/08/14
IDEMPIERE-1523,Bug,Closed,Fixed,11/11/13,16/11/13
IDEMPIERE-1517,Bug,Closed,Won't Fix,07/11/13,11/07/18
IDEMPIERE-1516,Bug,Closed,Fixed,07/11/13,11/12/13
IDEMPIERE-1514,Bug,Closed,Fixed,07/11/13,13/11/13
IDEMPIERE-1513,Bug,Closed,Fixed,07/11/13,15/11/13
IDEMPIERE-1512,Bug,Closed,Won't Fix,06/11/13,13/06/15
IDEMPIERE-1511,Bug,Closed,Cannot Reproduce,06/11/13,11/07/18
IDEMPIERE-1510,Bug,Closed,Fixed,06/11/13,21/11/13
IDEMPIERE-1508,Bug,Closed,Fixed,05/11/13,05/11/13
IDEMPIERE-1507,Bug,Closed,Fixed,05/11/13,05/11/13
IDEMPIERE-1506,Bug,Closed,Fixed,05/11/13,05/11/13
IDEMPIERE-1504,Bug,Closed,Fixed,04/11/13,23/12/13
IDEMPIERE-1501,Bug,Closed,Cannot Reproduce,03/11/13,23/12/13
IDEMPIERE-1500,Bug,Closed,Fixed,03/11/13,18/11/13
IDEMPIERE-1498,Bug,Closed,Fixed,02/11/13,18/11/13
IDEMPIERE-1497,Bug,Closed,Duplicate,01/11/13,23/12/13
IDEMPIERE-1496,Bug,Closed,Fixed,01/11/13,20/11/13
IDEMPIERE-1494,Bug,Closed,Fixed,01/11/13,05/11/13
IDEMPIERE-1493,Bug,Closed,Fixed,31/10/13,31/10/13
IDEMPIERE-1490,Bug,Closed,Fixed,31/10/13,19/12/13
IDEMPIERE-1489,Bug,Closed,Fixed,31/10/13,08/11/13
IDEMPIERE-1488,Bug,Closed,Cannot Reproduce,31/10/13,11/07/18
IDEMPIERE-1487,Bug,Closed,Fixed,30/10/13,30/10/13
IDEMPIERE-1485,Bug,Closed,Fixed,29/10/13,29/10/13
IDEMPIERE-1483,Bug,Closed,Fixed,28/10/13,29/10/13
IDEMPIERE-1481,Bug,Closed,Fixed,26/10/13,30/10/13
